Title,Price,Date,Address
UPPAbaby Infant Car Seat Adapter for Chicco Car Seats,$30,Sat 07 Aug 07:27:22 AM,La Mirada long beach / 562 
carrera slot car track super slot 20150 exclusive,$250,Sat 07 Aug 07:20:00 AM,santa monica westside-southbay-310 
SELDOM SEEN 1930's - 1940's DOUBLED ELECTIC CAR OR TRUCK HORNS,$85,Sat 07 Aug 07:16:58 AM,"HEMET, CALIF. westside-southbay-310 "
Car Stereo Unit CD MP3 Bluetooth receiver & 6 disc CD changer,$50,Sat 07 Aug 07:14:28 AM,Winnetka san fernando valley 
KIDS CAR SEAT,$50,Sat 07 Aug 07:15:07 AM,venice westside-southbay-310 
RARE & ORIGINAL1960's SCTA CAR CLUB PLAQUE,$159,Sat 07 Aug 07:13:20 AM,"HEMET, CALIF. westside-southbay-310 "
Car battery,$55,Sat 07 Aug 07:06:20 AM,Central la central LA 213/323 
Car trailer,"$2,800",Sat 07 Aug 06:57:41 AM,Van Nuys san fernando valley 
Rare/Error AFX Magnatraction slot car,$0,Sat 07 Aug 06:35:13 AM, san fernando valley 
"Old , Car Calendarâ€™s",$10,Sat 07 Aug 06:22:52 AM,Sun Valley san fernando valley 
12 volt car battery,$40,Sat 07 Aug 05:49:29 AM,PARAMOUNT long beach / 562 
12 volt car battery,$40,Sat 07 Aug 05:48:55 AM,PARAMOUNT long beach / 562 
Car seats and strollers,$65,Sat 07 Aug 04:02:56 AM,SFV san fernando valley 
Affordable SportRack for your car,$240,Sat 07 Aug 03:57:06 AM,WestHills san fernando valley 
Affordable SportRack for your car,$240,Sat 07 Aug 03:56:58 AM,WestHills san fernando valley 
Affordable SportRack for your car,$240,Sat 07 Aug 03:52:47 AM,WestHills san fernando valley 
PORSCHE RACE CAR. ATL . DRY BRAKE QUICK FUEL SYSTEM.,$450,Sat 07 Aug 03:39:21 AM,Simi Valley westside-southbay-310 
(39) Builder Plate St. Louis Car Company,$75,Sat 07 Aug 02:27:44 AM, westside-southbay-310 
(49) in car dvd player (DUAL XDVD270),$75,Sat 07 Aug 02:26:07 AM, westside-southbay-310 
Car DVD Dolby Digital Player & TV Screen,$40,Sat 07 Aug 01:27:14 AM,Van Nuys san fernando valley 
2001 Lincoln Town Car Cartier,"$5,999",Sat 07 Aug 01:28:42 AM,Los Angeles central LA 213/323 
Zoob Racerz Car Design Kit NEW,$15,Sat 07 Aug 01:24:57 AM,Los Angeles westside-southbay-310 
Have Title Jeep Liberty No Engine Part Out Must Take Whole Car SUV,$300,Sat 07 Aug 12:58:17 AM, long beach / 562 
"UPPAbaby Vista Stroller 2012 Blue/Cole, Graco Car Seat adapter",$250,Sat 07 Aug 12:54:16 AM,Monterey Park san gabriel valley 
Flag U. S. regular & car's window flag + t shirt with U. S. flag,$1,Sat 07 Aug 12:10:19 AM,Trazana san fernando valley 
"Avail now: Car Parking Spot, In and Out",$100,Sat 07 Aug 12:10:03 AM,North Redondo Beach westside-southbay-310 
1960s Revell Gran Turismo Slot Car Set in Box,$175,Sat 07 Aug 12:07:19 AM,Long Beach long beach / 562 
Car seat rack,$100,Fri 06 Aug 11:35:43 PM,Van Nuys san fernando valley 
Pair of Vintage 1980 California Car / Auto License Plates,$60,Fri 06 Aug 11:26:14 PM,Glendora san gabriel valley 
Popular toys small smart toy Cartoon sensing remote control car.,$8,Fri 06 Aug 11:03:29 PM,El Monte san gabriel valley 
Seeking to Take Over Car Payments,$599,Fri 06 Aug 10:58:07 PM,Burbank san fernando valley 
Seeking to Take Over Car Payments,$599,Fri 06 Aug 10:57:51 PM,Burbank san fernando valley 
"Diamond Car Mount Phone Holder For Smartphone in your car, $15 for 2",$10,Fri 06 Aug 10:59:03 PM,El Monte san gabriel valley 
"Diamond Car Mount Phone Holder For Smartphone in your car, $15 for 2",$10,Fri 06 Aug 10:59:00 PM,El Monte san gabriel valley 
Bell Hitchbiker 450 4-Bike Car Hitch Rack,$90,Fri 06 Aug 10:53:49 PM,Los Angeles central LA 213/323 
Holm Airport Car Seat Stroller Travel Cart Child Transporter - Carseat,$70,Fri 06 Aug 10:54:05 PM,Los Angeles central LA 213/323 
Chrome car body moulding MADE IN USA,$0,Fri 06 Aug 10:51:43 PM, san gabriel valley 
Trains Locamotive-Trolley-Cable Car Evelyn Curro in Borghese,$10,Fri 06 Aug 10:46:55 PM,Simi Valley san fernando valley 
Brand New Britax B-safe Car Seat,$165,Fri 06 Aug 10:20:14 PM,Hermosa Beach westside-southbay-310 
Vintage car sweater- L,$25,Fri 06 Aug 10:06:06 PM, westside-southbay-310 
CAR LIGHTING PACK,$30,Fri 06 Aug 09:55:37 PM,Glendora san gabriel valley 
CAR LIGHTING PACK,$30,Fri 06 Aug 09:55:23 PM,Glendora san gabriel valley 
Toys 1920-30s Cast Iron Still Bank  Bumper Car Soap Box Racer 20-30's,$35,Fri 06 Aug 09:32:01 PM,Simi Valley san fernando valley 
Paying Cash for High End Car Radio Equipment,$0,Fri 06 Aug 09:31:28 PM, central LA 213/323 
Hot Wheels 100 Car Carrying Case,$12,Fri 06 Aug 09:27:58 PM,Burbank san fernando valley 
CLASSIC CAR GLASS WINDSHIELDS,$100,Fri 06 Aug 09:29:25 PM,ALL OVER san gabriel valley 
"2006 Nissan Sentra ser one owner car 40,000 miles","$7,900",Fri 06 Aug 09:20:12 PM, san fernando valley 
"2006 Nissan Sentra SE R one owner car 40,000 miles","$7,900",Fri 06 Aug 09:15:52 PM, long beach / 562 
Yukon/Tahoe Car Accessories,$75,Fri 06 Aug 09:07:15 PM,Winnetka san fernando valley 
12 volt car battery,$40,Fri 06 Aug 09:06:51 PM,PARAMOUNT long beach / 562 
12 volt car battery,$40,Fri 06 Aug 09:06:30 PM,PARAMOUNT long beach / 562 
12 volt car battery,$40,Fri 06 Aug 09:07:07 PM,PARAMOUNT long beach / 562 
12 volt car battery,$40,Fri 06 Aug 09:07:23 PM,PARAMOUNT long beach / 562 
Jbc car amp,$75,Fri 06 Aug 08:55:31 PM,North hills san fernando valley 
RC Team Associated Nitro TC3 Touting Car 4WD,$300,Fri 06 Aug 08:55:21 PM,walnut park central LA 213/323 
1989-1990 MIATA V8 MONSTER CA CAR 302 5 SPEED RETRO 50S TRAC,"$10,500",Fri 06 Aug 08:52:05 PM,Ventura Beach san fernando valley 
RC Team Associated Factory Team RC10R5 1/10th On Road Pan Car,$300,Fri 06 Aug 08:50:49 PM,Walnut Park central LA 213/323 
Indy Race Car Liquor Bottle Mario Andretti,$10,Fri 06 Aug 08:34:27 PM,San Pedro westside-southbay-310 
Cadillac Car posters,$50,Fri 06 Aug 08:30:44 PM,Long Beach long beach / 562 
Honda Element car cover,$50,Fri 06 Aug 08:08:53 PM,El Monte san gabriel valley 
wanted funeral flower car,$100,Fri 06 Aug 08:06:46 PM,allover san gabriel valley 
vintage walnut  Wood Bar car,$750,Fri 06 Aug 08:04:56 PM,Los Angeles central LA 213/323 
1998 BMW 750 IL vehicle and 2001 BMW 750 IL car parts,"$4,900",Fri 06 Aug 08:05:36 PM, central LA 213/323 
2004 Honda S2000 race car,$0,Fri 06 Aug 08:00:54 PM, san fernando valley 
Doona Car Seat Stroller & Base,$500,Fri 06 Aug 07:51:36 PM,Los Angeles central LA 213/323 
"VTech Go! Go! Smart wheels tire shop, car wash & extra tracks. No cars",$25,Fri 06 Aug 07:49:06 PM,Torrance westside-southbay-310 
"Race Sport 22"" 120 Watt LED light Bar Car Sport Lighting NEW",$40,Fri 06 Aug 07:43:33 PM,South pasadena central LA 213/323 
New Sharper Image Ionic Breeze Car Automobile Plug-in Ionizer,$10,Fri 06 Aug 07:36:11 PM,North Hollywood san fernando valley 
1959 Ford parts car Wanted  $$$$$ will tow,$500,Fri 06 Aug 07:33:19 PM,n.hollywood san fernando valley 
1960 Cadillac 1959 parts car WANTED running or not WILL TOW,"$5,000",Fri 06 Aug 07:32:36 PM,losangeles san fernando valley 
old car classic xx hot rod XXXXX custom project WANTED $$$,$0,Fri 06 Aug 07:31:01 PM,so.cal. san fernando valley 
1957 Ford parts car WANTED good or bad any condition $$$$$,$500,Fri 06 Aug 07:31:29 PM,n.hollywood san fernando valley 
1958 Ford parts car Wanted  $$$$$ will tow,$500,Fri 06 Aug 07:32:13 PM,n.hollywood san fernando valley 
1955 FORD CAR WANTED XXXXX 1956 in any condition $$$$$  cash waiting,"$1,000",Fri 06 Aug 07:31:50 PM,so. california san fernando valley 
1959 Cadillac WANTED parts car parts will tow 1960 deVille Eldorado 59,"$5,000",Fri 06 Aug 07:32:28 PM,so.californa san fernando valley 
old car classic xx hot rod XXXXX custom project WANTED $$$,$0,Fri 06 Aug 07:31:36 PM,so.cal. san fernando valley 
1956 Ford car WANTED,$0,Fri 06 Aug 07:31:06 PM,N.Hollywood san fernando valley 
Graco Car Seat For Sale,$20,Fri 06 Aug 07:30:50 PM,626 san gabriel valley 
Car Fridge Cooler Warmer,$55,Fri 06 Aug 07:22:48 PM,South Gate long beach / 562 
Car windshield sun reflector,None,Fri 06 Aug 07:23:39 PM,Los Angeles central LA 213/323 
Nissan Pathfinder SUV car for sale,"$8,500",Fri 06 Aug 07:16:47 PM,Gardena westside-southbay-310 
plasti dip your car----plasti dip your car---plasti dip your car,$0,Fri 06 Aug 07:11:21 PM,"Los Angeles,ca central LA 213/323 "
SPEEDWAY SPRINT CAR QUICK CHANGE REAR END FORD CHEVY MOPAR RATROD,$300,Fri 06 Aug 06:54:08 PM,WHITTIER long beach / 562 
power acustik 10.6 inch touchscreen display car stereo pd 1060hb,$100,Fri 06 Aug 06:53:16 PM,Woodland Hills san fernando valley 
Car Holder Magnetic Phone Mount Cell Stand Universal Air Vent Iphone,$15,Fri 06 Aug 06:50:43 PM,Burbank san fernando valley 
Cellet car charger for android phones/ and older LG phones (NEW!),$9,Fri 06 Aug 06:51:46 PM,Woodland hills san fernando valley 
Graco Snug ride Baby car seat/carry and 2 seat docks,$59,Fri 06 Aug 06:48:59 PM,WOODLAND HILLS san fernando valley 
KENWOOD EXELON APPLE CAR PLAY ANDROID AUTO DMX706S,$240,Fri 06 Aug 06:42:08 PM,El Monte central LA 213/323 
Car Automotive Ramps One Pair 6500 lbs,$50,Fri 06 Aug 06:36:22 PM,lakewood westside-southbay-310 
Wagner Sylvania Halogen Car Truck Headlights,$15,Fri 06 Aug 06:30:43 PM,Hollywood central LA 213/323 
Classic American Car,$0,Fri 06 Aug 06:31:17 PM,La san gabriel valley 
FORD MUSTANG CLASSIC CAR 1964-73,$0,Fri 06 Aug 06:30:22 PM,La san gabriel valley 
"kids, baby, car seat, Graco, with base, in good condition",$40,Fri 06 Aug 06:24:31 PM,Los Angeles westside-southbay-310 
"baby kids car seat, sleeper, walker, toys, playpen, and more, ranges from $10 to",$10,Fri 06 Aug 06:24:32 PM,Los Angeles westside-southbay-310 
UPPAbaby Chicco Infant Car Seat Adapter,$30,Fri 06 Aug 06:20:57 PM,Whittier long beach / 562 
Pet fence for car,$40,Fri 06 Aug 06:16:10 PM,Burbank san fernando valley 
Hot Wheels Wonder Woman vs Ares Exclusive 2-Pack DC Comics Car Toy NEW,$12,Fri 06 Aug 06:15:05 PM,Torrance westside-southbay-310 
Car Charger - 5.5mm Coaxial,$1,Fri 06 Aug 06:10:28 PM,Torrance westside-southbay-310 
Pedal Car,$100,Fri 06 Aug 06:03:51 PM,West Covina san gabriel valley 
Car Auction Saturday @3pm(warranty on cars)free entry/all bids start @,$500,Fri 06 Aug 06:04:50 PM,This weekend auction -9413 Bellegrave Ave. Riverside central LA 213/323 
Used Car Deals & Discounts,$500,Fri 06 Aug 06:01:04 PM, san gabriel valley 
Car sun shield,$35,Fri 06 Aug 05:55:08 PM,Gardena westside-southbay-310 
âž¤ 'Black & White'  WOVEN BLANKET THROW,$20,Fri 06 Aug 05:44:43 PM,"LARGE *size: 64"" x 48"" long beach / 562 "
'Black & White' ðŸ–¤ WOVEN BLANKET THROW,$20,Fri 06 Aug 05:41:50 PM,"LARGE *size: 64"" x 48"" long beach / 562 "
1968 mazda porter  mini isetta jdm micro car,"$20,000",Fri 06 Aug 05:38:42 PM,Gardena westside-southbay-310 
Bachmann N Scale North Western Freight Car Train,$10,Fri 06 Aug 05:33:00 PM,Encino san fernando valley 
Foldable carport canopy car garage shed shelter,$300,Fri 06 Aug 05:19:23 PM,City of Industry san fernando valley 
1500 lb Hydraulic Wheel Dolly | Jack Portable Tire Lift Car Move Posit,$100,Fri 06 Aug 05:18:48 PM,City of Industry san fernando valley 
Cute Bear Soft Plush Bone Pillow for Car Seats Â» New,$5,Fri 06 Aug 05:17:36 PM,Diamond Bar san gabriel valley 
Hallmark Kiddie Car Classic collectorâ€™s pin set,$20,Fri 06 Aug 05:14:46 PM,Burbank san fernando valley 
Used Car Dealer in Las Vegas,"$28,000",Fri 06 Aug 05:06:57 PM,Las Vegas westside-southbay-310 
Hemming classic car magazines,$80,Fri 06 Aug 04:59:02 PM,Covina san gabriel valley 
Luxury Transportation at Affordable Rates / Limo town car / LAX,None,Fri 06 Aug 04:55:36 PM,SoCal central LA 213/323 
Car dollies  doly,$40,Fri 06 Aug 04:50:36 PM,Atlantic and 19 long beach / 562 
beaded car massage/airflow seat cover,$50,Fri 06 Aug 04:46:12 PM,Venice westside-southbay-310 
Baby-Safe Car Mirror,$5,Fri 06 Aug 04:43:35 PM,Boyle Heights central LA 213/323 
1955-57 Tbird parts  Also Ford Passenger car,$45,Fri 06 Aug 04:41:12 PM,Garden Grove long beach / 562 
little tikes car,$40,Fri 06 Aug 04:37:57 PM,Sun Valley san fernando valley 
little tikes car,$30,Fri 06 Aug 04:38:31 PM,Sun Valley san fernando valley 
step 2 push car,$40,Fri 06 Aug 04:38:55 PM,Sun Valley san fernando valley 
SELDOM SEEN 1930's - 1940's DOUBLED ELECTIC CAR OR TRUCK HORNS,$85,Sat 07 Aug 07:16:58 AM,"HEMET, CALIF."
Car Stereo Unit CD MP3 Bluetooth receiver & 6 disc CD changer,$50,Sat 07 Aug 07:14:28 AM,Winnetka
KIDS CAR SEAT,$50,Sat 07 Aug 07:15:07 AM,venice
RARE & ORIGINAL1960's SCTA CAR CLUB PLAQUE,$159,Sat 07 Aug 07:13:20 AM,"HEMET, CALIF."
Car battery,$55,Sat 07 Aug 07:06:20 AM,Central la
Car trailer,"$2,800",Sat 07 Aug 06:57:41 AM,Van Nuys
Rare/Error AFX Magnatraction slot car,$0,Sat 07 Aug 06:35:13 AM,None
"Old , Car Calendarâ€™s",$10,Sat 07 Aug 06:22:52 AM,Sun Valley
12 volt car battery,$40,Sat 07 Aug 05:49:29 AM,PARAMOUNT
12 volt car battery,$40,Sat 07 Aug 05:48:55 AM,PARAMOUNT
Car seats and strollers,$65,Sat 07 Aug 04:02:56 AM,SFV
Affordable SportRack for your car,$240,Sat 07 Aug 03:57:06 AM,WestHills
Affordable SportRack for your car,$240,Sat 07 Aug 03:56:58 AM,WestHills
Affordable SportRack for your car,$240,Sat 07 Aug 03:52:47 AM,WestHills
PORSCHE RACE CAR. ATL . DRY BRAKE QUICK FUEL SYSTEM.,$450,Sat 07 Aug 03:39:21 AM,Simi Valley
(39) Builder Plate St. Louis Car Company,$75,Sat 07 Aug 02:27:44 AM,None
(49) in car dvd player (DUAL XDVD270),$75,Sat 07 Aug 02:26:07 AM,None
Car DVD Dolby Digital Player & TV Screen,$40,Sat 07 Aug 01:27:14 AM,Van Nuys
2001 Lincoln Town Car Cartier,"$5,999",Sat 07 Aug 01:28:42 AM,Los Angeles
Zoob Racerz Car Design Kit NEW,$15,Sat 07 Aug 01:24:57 AM,Los Angeles
Have Title Jeep Liberty No Engine Part Out Must Take Whole Car SUV,$300,Sat 07 Aug 12:58:17 AM,None
"UPPAbaby Vista Stroller 2012 Blue/Cole, Graco Car Seat adapter",$250,Sat 07 Aug 12:54:16 AM,Monterey Park
Flag U. S. regular & car's window flag + t shirt with U. S. flag,$1,Sat 07 Aug 12:10:19 AM,Trazana
"Avail now: Car Parking Spot, In and Out",$100,Sat 07 Aug 12:10:03 AM,North Redondo Beach
1960s Revell Gran Turismo Slot Car Set in Box,$175,Sat 07 Aug 12:07:19 AM,Long Beach
Car seat rack,$100,Fri 06 Aug 11:35:43 PM,Van Nuys
Pair of Vintage 1980 California Car / Auto License Plates,$60,Fri 06 Aug 11:26:14 PM,Glendora
Popular toys small smart toy Cartoon sensing remote control car.,$8,Fri 06 Aug 11:03:29 PM,El Monte
Seeking to Take Over Car Payments,$599,Fri 06 Aug 10:58:07 PM,Burbank
Seeking to Take Over Car Payments,$599,Fri 06 Aug 10:57:51 PM,Burbank
"Diamond Car Mount Phone Holder For Smartphone in your car, $15 for 2",$10,Fri 06 Aug 10:59:03 PM,El Monte
"Diamond Car Mount Phone Holder For Smartphone in your car, $15 for 2",$10,Fri 06 Aug 10:59:00 PM,El Monte
Bell Hitchbiker 450 4-Bike Car Hitch Rack,$90,Fri 06 Aug 10:53:49 PM,Los Angeles
Holm Airport Car Seat Stroller Travel Cart Child Transporter - Carseat,$70,Fri 06 Aug 10:54:05 PM,Los Angeles
Chrome car body moulding MADE IN USA,$0,Fri 06 Aug 10:51:43 PM,None
Trains Locamotive-Trolley-Cable Car Evelyn Curro in Borghese,$10,Fri 06 Aug 10:46:55 PM,Simi Valley
Brand New Britax B-safe Car Seat,$165,Fri 06 Aug 10:20:14 PM,Hermosa Beach
Vintage car sweater- L,$25,Fri 06 Aug 10:06:06 PM,None
CAR LIGHTING PACK,$30,Fri 06 Aug 09:55:37 PM,Glendora
CAR LIGHTING PACK,$30,Fri 06 Aug 09:55:23 PM,Glendora
Toys 1920-30s Cast Iron Still Bank  Bumper Car Soap Box Racer 20-30's,$35,Fri 06 Aug 09:32:01 PM,Simi Valley
Paying Cash for High End Car Radio Equipment,$0,Fri 06 Aug 09:31:28 PM,None
Hot Wheels 100 Car Carrying Case,$12,Fri 06 Aug 09:27:58 PM,Burbank
CLASSIC CAR GLASS WINDSHIELDS,$100,Fri 06 Aug 09:29:25 PM,ALL OVER
"2006 Nissan Sentra ser one owner car 40,000 miles","$7,900",Fri 06 Aug 09:20:12 PM,None
"2006 Nissan Sentra SE R one owner car 40,000 miles","$7,900",Fri 06 Aug 09:15:52 PM,None
Yukon/Tahoe Car Accessories,$75,Fri 06 Aug 09:07:15 PM,Winnetka
12 volt car battery,$40,Fri 06 Aug 09:06:51 PM,PARAMOUNT
12 volt car battery,$40,Fri 06 Aug 09:06:30 PM,PARAMOUNT
12 volt car battery,$40,Fri 06 Aug 09:07:07 PM,PARAMOUNT
12 volt car battery,$40,Fri 06 Aug 09:07:23 PM,PARAMOUNT
Jbc car amp,$75,Fri 06 Aug 08:55:31 PM,North hills
RC Team Associated Nitro TC3 Touting Car 4WD,$300,Fri 06 Aug 08:55:21 PM,walnut park
1989-1990 MIATA V8 MONSTER CA CAR 302 5 SPEED RETRO 50S TRAC,"$10,500",Fri 06 Aug 08:52:05 PM,Ventura Beach
RC Team Associated Factory Team RC10R5 1/10th On Road Pan Car,$300,Fri 06 Aug 08:50:49 PM,Walnut Park
Indy Race Car Liquor Bottle Mario Andretti,$10,Fri 06 Aug 08:34:27 PM,San Pedro
Cadillac Car posters,$50,Fri 06 Aug 08:30:44 PM,Long Beach
Honda Element car cover,$50,Fri 06 Aug 08:08:53 PM,El Monte
wanted funeral flower car,$100,Fri 06 Aug 08:06:46 PM,allover
vintage walnut  Wood Bar car,$750,Fri 06 Aug 08:04:56 PM,Los Angeles
1998 BMW 750 IL vehicle and 2001 BMW 750 IL car parts,"$4,900",Fri 06 Aug 08:05:36 PM,None
2004 Honda S2000 race car,$0,Fri 06 Aug 08:00:54 PM,None
Doona Car Seat Stroller & Base,$500,Fri 06 Aug 07:51:36 PM,Los Angeles
"VTech Go! Go! Smart wheels tire shop, car wash & extra tracks. No cars",$25,Fri 06 Aug 07:49:06 PM,Torrance
"Race Sport 22"" 120 Watt LED light Bar Car Sport Lighting NEW",$40,Fri 06 Aug 07:43:33 PM,South pasadena
New Sharper Image Ionic Breeze Car Automobile Plug-in Ionizer,$10,Fri 06 Aug 07:36:11 PM,North Hollywood
1959 Ford parts car Wanted  $$$$$ will tow,$500,Fri 06 Aug 07:33:19 PM,n.hollywood
1960 Cadillac 1959 parts car WANTED running or not WILL TOW,"$5,000",Fri 06 Aug 07:32:36 PM,losangeles
old car classic xx hot rod XXXXX custom project WANTED $$$,$0,Fri 06 Aug 07:31:01 PM,so.cal.
1957 Ford parts car WANTED good or bad any condition $$$$$,$500,Fri 06 Aug 07:31:29 PM,n.hollywood
1958 Ford parts car Wanted  $$$$$ will tow,$500,Fri 06 Aug 07:32:13 PM,n.hollywood
1955 FORD CAR WANTED XXXXX 1956 in any condition $$$$$  cash waiting,"$1,000",Fri 06 Aug 07:31:50 PM,so. california
1959 Cadillac WANTED parts car parts will tow 1960 deVille Eldorado 59,"$5,000",Fri 06 Aug 07:32:28 PM,so.californa
old car classic xx hot rod XXXXX custom project WANTED $$$,$0,Fri 06 Aug 07:31:36 PM,so.cal.
1956 Ford car WANTED,$0,Fri 06 Aug 07:31:06 PM,N.Hollywood
Graco Car Seat For Sale,$20,Fri 06 Aug 07:30:50 PM,626
Car Fridge Cooler Warmer,$55,Fri 06 Aug 07:22:48 PM,South Gate
Car windshield sun reflector,None,Fri 06 Aug 07:23:39 PM,Los Angeles
Nissan Pathfinder SUV car for sale,"$8,500",Fri 06 Aug 07:16:47 PM,Gardena
plasti dip your car----plasti dip your car---plasti dip your car,$0,Fri 06 Aug 07:11:21 PM,"Los Angeles,ca"
SPEEDWAY SPRINT CAR QUICK CHANGE REAR END FORD CHEVY MOPAR RATROD,$300,Fri 06 Aug 06:54:08 PM,WHITTIER
power acustik 10.6 inch touchscreen display car stereo pd 1060hb,$100,Fri 06 Aug 06:53:16 PM,Woodland Hills
Car Holder Magnetic Phone Mount Cell Stand Universal Air Vent Iphone,$15,Fri 06 Aug 06:50:43 PM,Burbank
Cellet car charger for android phones/ and older LG phones (NEW!),$9,Fri 06 Aug 06:51:46 PM,Woodland hills
Graco Snug ride Baby car seat/carry and 2 seat docks,$59,Fri 06 Aug 06:48:59 PM,WOODLAND HILLS
KENWOOD EXELON APPLE CAR PLAY ANDROID AUTO DMX706S,$240,Fri 06 Aug 06:42:08 PM,El Monte
Car Automotive Ramps One Pair 6500 lbs,$50,Fri 06 Aug 06:36:22 PM,lakewood
Wagner Sylvania Halogen Car Truck Headlights,$15,Fri 06 Aug 06:30:43 PM,Hollywood
Classic American Car,$0,Fri 06 Aug 06:31:17 PM,La
FORD MUSTANG CLASSIC CAR 1964-73,$0,Fri 06 Aug 06:30:22 PM,La
"kids, baby, car seat, Graco, with base, in good condition",$40,Fri 06 Aug 06:24:31 PM,Los Angeles
"baby kids car seat, sleeper, walker, toys, playpen, and more, ranges from $10 to",$10,Fri 06 Aug 06:24:32 PM,Los Angeles
UPPAbaby Chicco Infant Car Seat Adapter,$30,Fri 06 Aug 06:20:57 PM,Whittier
Pet fence for car,$40,Fri 06 Aug 06:16:10 PM,Burbank
Hot Wheels Wonder Woman vs Ares Exclusive 2-Pack DC Comics Car Toy NEW,$12,Fri 06 Aug 06:15:05 PM,Torrance
Car Charger - 5.5mm Coaxial,$1,Fri 06 Aug 06:10:28 PM,Torrance
Pedal Car,$100,Fri 06 Aug 06:03:51 PM,West Covina
Car Auction Saturday @3pm(warranty on cars)free entry/all bids start @,$500,Fri 06 Aug 06:04:50 PM,This weekend auction -9413 Bellegrave Ave. Riverside
Used Car Deals & Discounts,$500,Fri 06 Aug 06:01:04 PM,None
Car sun shield,$35,Fri 06 Aug 05:55:08 PM,Gardena
âž¤ 'Black & White'  WOVEN BLANKET THROW,$20,Fri 06 Aug 05:44:43 PM,"LARGE *size: 64"" x 48"""
'Black & White' ðŸ–¤ WOVEN BLANKET THROW,$20,Fri 06 Aug 05:41:50 PM,"LARGE *size: 64"" x 48"""
1968 mazda porter  mini isetta jdm micro car,"$20,000",Fri 06 Aug 05:38:42 PM,Gardena
Bachmann N Scale North Western Freight Car Train,$10,Fri 06 Aug 05:33:00 PM,Encino
Foldable carport canopy car garage shed shelter,$300,Fri 06 Aug 05:19:23 PM,City of Industry
1500 lb Hydraulic Wheel Dolly | Jack Portable Tire Lift Car Move Posit,$100,Fri 06 Aug 05:18:48 PM,City of Industry
Cute Bear Soft Plush Bone Pillow for Car Seats Â» New,$5,Fri 06 Aug 05:17:36 PM,Diamond Bar
Hallmark Kiddie Car Classic collectorâ€™s pin set,$20,Fri 06 Aug 05:14:46 PM,Burbank
Used Car Dealer in Las Vegas,"$28,000",Fri 06 Aug 05:06:57 PM,Las Vegas
Hemming classic car magazines,$80,Fri 06 Aug 04:59:02 PM,Covina
Luxury Transportation at Affordable Rates / Limo town car / LAX,None,Fri 06 Aug 04:55:36 PM,SoCal
Car dollies  doly,$40,Fri 06 Aug 04:50:36 PM,Atlantic and 19
beaded car massage/airflow seat cover,$50,Fri 06 Aug 04:46:12 PM,Venice
Baby-Safe Car Mirror,$5,Fri 06 Aug 04:43:35 PM,Boyle Heights
1955-57 Tbird parts  Also Ford Passenger car,$45,Fri 06 Aug 04:41:12 PM,Garden Grove
little tikes car,$40,Fri 06 Aug 04:37:57 PM,Sun Valley
little tikes car,$30,Fri 06 Aug 04:38:31 PM,Sun Valley
step 2 push car,$40,Fri 06 Aug 04:38:55 PM,Sun Valley
"Pierce Arrow Wire wheel Unique 18"" classic car",$88,Fri 06 Aug 04:39:15 PM,Garden Grove
HD vehicle 1080 car camcorder (Dash Cam) new never used,$25,Fri 06 Aug 04:37:12 PM,LONG BEACH
Car Stereo Unit CD MP3 Bluetooth receiver & 6 disc CD changer,$50,Sat 07 Aug 07:14:28 AM,Winnetka
KIDS CAR SEAT,$50,Sat 07 Aug 07:15:07 AM,venice
RARE & ORIGINAL1960's SCTA CAR CLUB PLAQUE,$159,Sat 07 Aug 07:13:20 AM,"HEMET, CALIF."
Car battery,$55,Sat 07 Aug 07:06:20 AM,Central la
Car trailer,"$2,800",Sat 07 Aug 06:57:41 AM,Van Nuys
Rare/Error AFX Magnatraction slot car,$0,Sat 07 Aug 06:35:13 AM,None
"Old , Car Calendarâ€™s",$10,Sat 07 Aug 06:22:52 AM,Sun Valley
12 volt car battery,$40,Sat 07 Aug 05:49:29 AM,PARAMOUNT
12 volt car battery,$40,Sat 07 Aug 05:48:55 AM,PARAMOUNT
Car seats and strollers,$65,Sat 07 Aug 04:02:56 AM,SFV
Affordable SportRack for your car,$240,Sat 07 Aug 03:57:06 AM,WestHills
Affordable SportRack for your car,$240,Sat 07 Aug 03:56:58 AM,WestHills
Affordable SportRack for your car,$240,Sat 07 Aug 03:52:47 AM,WestHills
PORSCHE RACE CAR. ATL . DRY BRAKE QUICK FUEL SYSTEM.,$450,Sat 07 Aug 03:39:21 AM,Simi Valley
(39) Builder Plate St. Louis Car Company,$75,Sat 07 Aug 02:27:44 AM,None
(49) in car dvd player (DUAL XDVD270),$75,Sat 07 Aug 02:26:07 AM,None
Car DVD Dolby Digital Player & TV Screen,$40,Sat 07 Aug 01:27:14 AM,Van Nuys
2001 Lincoln Town Car Cartier,"$5,999",Sat 07 Aug 01:28:42 AM,Los Angeles
Zoob Racerz Car Design Kit NEW,$15,Sat 07 Aug 01:24:57 AM,Los Angeles
Have Title Jeep Liberty No Engine Part Out Must Take Whole Car SUV,$300,Sat 07 Aug 12:58:17 AM,None
"UPPAbaby Vista Stroller 2012 Blue/Cole, Graco Car Seat adapter",$250,Sat 07 Aug 12:54:16 AM,Monterey Park
Flag U. S. regular & car's window flag + t shirt with U. S. flag,$1,Sat 07 Aug 12:10:19 AM,Trazana
"Avail now: Car Parking Spot, In and Out",$100,Sat 07 Aug 12:10:03 AM,North Redondo Beach
1960s Revell Gran Turismo Slot Car Set in Box,$175,Sat 07 Aug 12:07:19 AM,Long Beach
Car seat rack,$100,Fri 06 Aug 11:35:43 PM,Van Nuys
Pair of Vintage 1980 California Car / Auto License Plates,$60,Fri 06 Aug 11:26:14 PM,Glendora
Popular toys small smart toy Cartoon sensing remote control car.,$8,Fri 06 Aug 11:03:29 PM,El Monte
Seeking to Take Over Car Payments,$599,Fri 06 Aug 10:58:07 PM,Burbank
Seeking to Take Over Car Payments,$599,Fri 06 Aug 10:57:51 PM,Burbank
"Diamond Car Mount Phone Holder For Smartphone in your car, $15 for 2",$10,Fri 06 Aug 10:59:03 PM,El Monte
"Diamond Car Mount Phone Holder For Smartphone in your car, $15 for 2",$10,Fri 06 Aug 10:59:00 PM,El Monte
Bell Hitchbiker 450 4-Bike Car Hitch Rack,$90,Fri 06 Aug 10:53:49 PM,Los Angeles
Holm Airport Car Seat Stroller Travel Cart Child Transporter - Carseat,$70,Fri 06 Aug 10:54:05 PM,Los Angeles
Chrome car body moulding MADE IN USA,$0,Fri 06 Aug 10:51:43 PM,None
Trains Locamotive-Trolley-Cable Car Evelyn Curro in Borghese,$10,Fri 06 Aug 10:46:55 PM,Simi Valley
Brand New Britax B-safe Car Seat,$165,Fri 06 Aug 10:20:14 PM,Hermosa Beach
Vintage car sweater- L,$25,Fri 06 Aug 10:06:06 PM,None
CAR LIGHTING PACK,$30,Fri 06 Aug 09:55:37 PM,Glendora
CAR LIGHTING PACK,$30,Fri 06 Aug 09:55:23 PM,Glendora
Toys 1920-30s Cast Iron Still Bank  Bumper Car Soap Box Racer 20-30's,$35,Fri 06 Aug 09:32:01 PM,Simi Valley
Paying Cash for High End Car Radio Equipment,$0,Fri 06 Aug 09:31:28 PM,None
Hot Wheels 100 Car Carrying Case,$12,Fri 06 Aug 09:27:58 PM,Burbank
CLASSIC CAR GLASS WINDSHIELDS,$100,Fri 06 Aug 09:29:25 PM,ALL OVER
"2006 Nissan Sentra ser one owner car 40,000 miles","$7,900",Fri 06 Aug 09:20:12 PM,None
"2006 Nissan Sentra SE R one owner car 40,000 miles","$7,900",Fri 06 Aug 09:15:52 PM,None
Yukon/Tahoe Car Accessories,$75,Fri 06 Aug 09:07:15 PM,Winnetka
12 volt car battery,$40,Fri 06 Aug 09:06:51 PM,PARAMOUNT
12 volt car battery,$40,Fri 06 Aug 09:06:30 PM,PARAMOUNT
12 volt car battery,$40,Fri 06 Aug 09:07:07 PM,PARAMOUNT
12 volt car battery,$40,Fri 06 Aug 09:07:23 PM,PARAMOUNT
Jbc car amp,$75,Fri 06 Aug 08:55:31 PM,North hills
RC Team Associated Nitro TC3 Touting Car 4WD,$300,Fri 06 Aug 08:55:21 PM,walnut park
1989-1990 MIATA V8 MONSTER CA CAR 302 5 SPEED RETRO 50S TRAC,"$10,500",Fri 06 Aug 08:52:05 PM,Ventura Beach
RC Team Associated Factory Team RC10R5 1/10th On Road Pan Car,$300,Fri 06 Aug 08:50:49 PM,Walnut Park
Indy Race Car Liquor Bottle Mario Andretti,$10,Fri 06 Aug 08:34:27 PM,San Pedro
Cadillac Car posters,$50,Fri 06 Aug 08:30:44 PM,Long Beach
Honda Element car cover,$50,Fri 06 Aug 08:08:53 PM,El Monte
wanted funeral flower car,$100,Fri 06 Aug 08:06:46 PM,allover
vintage walnut  Wood Bar car,$750,Fri 06 Aug 08:04:56 PM,Los Angeles
1998 BMW 750 IL vehicle and 2001 BMW 750 IL car parts,"$4,900",Fri 06 Aug 08:05:36 PM,None
2004 Honda S2000 race car,$0,Fri 06 Aug 08:00:54 PM,None
Doona Car Seat Stroller & Base,$500,Fri 06 Aug 07:51:36 PM,Los Angeles
"VTech Go! Go! Smart wheels tire shop, car wash & extra tracks. No cars",$25,Fri 06 Aug 07:49:06 PM,Torrance
"Race Sport 22"" 120 Watt LED light Bar Car Sport Lighting NEW",$40,Fri 06 Aug 07:43:33 PM,South pasadena
New Sharper Image Ionic Breeze Car Automobile Plug-in Ionizer,$10,Fri 06 Aug 07:36:11 PM,North Hollywood
1959 Ford parts car Wanted  $$$$$ will tow,$500,Fri 06 Aug 07:33:19 PM,n.hollywood
1960 Cadillac 1959 parts car WANTED running or not WILL TOW,"$5,000",Fri 06 Aug 07:32:36 PM,losangeles
old car classic xx hot rod XXXXX custom project WANTED $$$,$0,Fri 06 Aug 07:31:01 PM,so.cal.
1957 Ford parts car WANTED good or bad any condition $$$$$,$500,Fri 06 Aug 07:31:29 PM,n.hollywood
1958 Ford parts car Wanted  $$$$$ will tow,$500,Fri 06 Aug 07:32:13 PM,n.hollywood
1955 FORD CAR WANTED XXXXX 1956 in any condition $$$$$  cash waiting,"$1,000",Fri 06 Aug 07:31:50 PM,so. california
1959 Cadillac WANTED parts car parts will tow 1960 deVille Eldorado 59,"$5,000",Fri 06 Aug 07:32:28 PM,so.californa
old car classic xx hot rod XXXXX custom project WANTED $$$,$0,Fri 06 Aug 07:31:36 PM,so.cal.
1956 Ford car WANTED,$0,Fri 06 Aug 07:31:06 PM,N.Hollywood
Graco Car Seat For Sale,$20,Fri 06 Aug 07:30:50 PM,626
Car Fridge Cooler Warmer,$55,Fri 06 Aug 07:22:48 PM,South Gate
Car windshield sun reflector,None,Fri 06 Aug 07:23:39 PM,Los Angeles
Nissan Pathfinder SUV car for sale,"$8,500",Fri 06 Aug 07:16:47 PM,Gardena
plasti dip your car----plasti dip your car---plasti dip your car,$0,Fri 06 Aug 07:11:21 PM,"Los Angeles,ca"
SPEEDWAY SPRINT CAR QUICK CHANGE REAR END FORD CHEVY MOPAR RATROD,$300,Fri 06 Aug 06:54:08 PM,WHITTIER
power acustik 10.6 inch touchscreen display car stereo pd 1060hb,$100,Fri 06 Aug 06:53:16 PM,Woodland Hills
Car Holder Magnetic Phone Mount Cell Stand Universal Air Vent Iphone,$15,Fri 06 Aug 06:50:43 PM,Burbank
Cellet car charger for android phones/ and older LG phones (NEW!),$9,Fri 06 Aug 06:51:46 PM,Woodland hills
Graco Snug ride Baby car seat/carry and 2 seat docks,$59,Fri 06 Aug 06:48:59 PM,WOODLAND HILLS
KENWOOD EXELON APPLE CAR PLAY ANDROID AUTO DMX706S,$240,Fri 06 Aug 06:42:08 PM,El Monte
Car Automotive Ramps One Pair 6500 lbs,$50,Fri 06 Aug 06:36:22 PM,lakewood
Wagner Sylvania Halogen Car Truck Headlights,$15,Fri 06 Aug 06:30:43 PM,Hollywood
Classic American Car,$0,Fri 06 Aug 06:31:17 PM,La
FORD MUSTANG CLASSIC CAR 1964-73,$0,Fri 06 Aug 06:30:22 PM,La
"kids, baby, car seat, Graco, with base, in good condition",$40,Fri 06 Aug 06:24:31 PM,Los Angeles
"baby kids car seat, sleeper, walker, toys, playpen, and more, ranges from $10 to",$10,Fri 06 Aug 06:24:32 PM,Los Angeles
UPPAbaby Chicco Infant Car Seat Adapter,$30,Fri 06 Aug 06:20:57 PM,Whittier
Pet fence for car,$40,Fri 06 Aug 06:16:10 PM,Burbank
Hot Wheels Wonder Woman vs Ares Exclusive 2-Pack DC Comics Car Toy NEW,$12,Fri 06 Aug 06:15:05 PM,Torrance
Car Charger - 5.5mm Coaxial,$1,Fri 06 Aug 06:10:28 PM,Torrance
Pedal Car,$100,Fri 06 Aug 06:03:51 PM,West Covina
Car Auction Saturday @3pm(warranty on cars)free entry/all bids start @,$500,Fri 06 Aug 06:04:50 PM,This weekend auction -9413 Bellegrave Ave. Riverside
Used Car Deals & Discounts,$500,Fri 06 Aug 06:01:04 PM,None
Car sun shield,$35,Fri 06 Aug 05:55:08 PM,Gardena
âž¤ 'Black & White'  WOVEN BLANKET THROW,$20,Fri 06 Aug 05:44:43 PM,"LARGE *size: 64"" x 48"""
'Black & White' ðŸ–¤ WOVEN BLANKET THROW,$20,Fri 06 Aug 05:41:50 PM,"LARGE *size: 64"" x 48"""
1968 mazda porter  mini isetta jdm micro car,"$20,000",Fri 06 Aug 05:38:42 PM,Gardena
Bachmann N Scale North Western Freight Car Train,$10,Fri 06 Aug 05:33:00 PM,Encino
Foldable carport canopy car garage shed shelter,$300,Fri 06 Aug 05:19:23 PM,City of Industry
1500 lb Hydraulic Wheel Dolly | Jack Portable Tire Lift Car Move Posit,$100,Fri 06 Aug 05:18:48 PM,City of Industry
Cute Bear Soft Plush Bone Pillow for Car Seats Â» New,$5,Fri 06 Aug 05:17:36 PM,Diamond Bar
Hallmark Kiddie Car Classic collectorâ€™s pin set,$20,Fri 06 Aug 05:14:46 PM,Burbank
Used Car Dealer in Las Vegas,"$28,000",Fri 06 Aug 05:06:57 PM,Las Vegas
Hemming classic car magazines,$80,Fri 06 Aug 04:59:02 PM,Covina
Luxury Transportation at Affordable Rates / Limo town car / LAX,None,Fri 06 Aug 04:55:36 PM,SoCal
Car dollies  doly,$40,Fri 06 Aug 04:50:36 PM,Atlantic and 19
beaded car massage/airflow seat cover,$50,Fri 06 Aug 04:46:12 PM,Venice
Baby-Safe Car Mirror,$5,Fri 06 Aug 04:43:35 PM,Boyle Heights
1955-57 Tbird parts  Also Ford Passenger car,$45,Fri 06 Aug 04:41:12 PM,Garden Grove
little tikes car,$40,Fri 06 Aug 04:37:57 PM,Sun Valley
little tikes car,$30,Fri 06 Aug 04:38:31 PM,Sun Valley
step 2 push car,$40,Fri 06 Aug 04:38:55 PM,Sun Valley
"Pierce Arrow Wire wheel Unique 18"" classic car",$88,Fri 06 Aug 04:39:15 PM,Garden Grove
HD vehicle 1080 car camcorder (Dash Cam) new never used,$25,Fri 06 Aug 04:37:12 PM,LONG BEACH
300W Car Power Inverter DC 12V to 110V AC Converter with LED Intellige,$70,Fri 06 Aug 04:29:50 PM,koreatown
KIDS CAR SEAT,$50,Sat 07 Aug 07:15:07 AM,venice
RARE & ORIGINAL1960's SCTA CAR CLUB PLAQUE,$159,Sat 07 Aug 07:13:20 AM,"HEMET, CALIF."
Car battery,$55,Sat 07 Aug 07:06:20 AM,Central la
Car trailer,"$2,800",Sat 07 Aug 06:57:41 AM,Van Nuys
Rare/Error AFX Magnatraction slot car,$0,Sat 07 Aug 06:35:13 AM,None
"Old , Car Calendarâ€™s",$10,Sat 07 Aug 06:22:52 AM,Sun Valley
12 volt car battery,$40,Sat 07 Aug 05:49:29 AM,PARAMOUNT
12 volt car battery,$40,Sat 07 Aug 05:48:55 AM,PARAMOUNT
Car seats and strollers,$65,Sat 07 Aug 04:02:56 AM,SFV
Affordable SportRack for your car,$240,Sat 07 Aug 03:57:06 AM,WestHills
Affordable SportRack for your car,$240,Sat 07 Aug 03:56:58 AM,WestHills
Affordable SportRack for your car,$240,Sat 07 Aug 03:52:47 AM,WestHills
PORSCHE RACE CAR. ATL . DRY BRAKE QUICK FUEL SYSTEM.,$450,Sat 07 Aug 03:39:21 AM,Simi Valley
(39) Builder Plate St. Louis Car Company,$75,Sat 07 Aug 02:27:44 AM,None
(49) in car dvd player (DUAL XDVD270),$75,Sat 07 Aug 02:26:07 AM,None
Car DVD Dolby Digital Player & TV Screen,$40,Sat 07 Aug 01:27:14 AM,Van Nuys
2001 Lincoln Town Car Cartier,"$5,999",Sat 07 Aug 01:28:42 AM,Los Angeles
Zoob Racerz Car Design Kit NEW,$15,Sat 07 Aug 01:24:57 AM,Los Angeles
Have Title Jeep Liberty No Engine Part Out Must Take Whole Car SUV,$300,Sat 07 Aug 12:58:17 AM,None
"UPPAbaby Vista Stroller 2012 Blue/Cole, Graco Car Seat adapter",$250,Sat 07 Aug 12:54:16 AM,Monterey Park
Flag U. S. regular & car's window flag + t shirt with U. S. flag,$1,Sat 07 Aug 12:10:19 AM,Trazana
"Avail now: Car Parking Spot, In and Out",$100,Sat 07 Aug 12:10:03 AM,North Redondo Beach
1960s Revell Gran Turismo Slot Car Set in Box,$175,Sat 07 Aug 12:07:19 AM,Long Beach
Car seat rack,$100,Fri 06 Aug 11:35:43 PM,Van Nuys
Pair of Vintage 1980 California Car / Auto License Plates,$60,Fri 06 Aug 11:26:14 PM,Glendora
Popular toys small smart toy Cartoon sensing remote control car.,$8,Fri 06 Aug 11:03:29 PM,El Monte
Seeking to Take Over Car Payments,$599,Fri 06 Aug 10:58:07 PM,Burbank
Seeking to Take Over Car Payments,$599,Fri 06 Aug 10:57:51 PM,Burbank
"Diamond Car Mount Phone Holder For Smartphone in your car, $15 for 2",$10,Fri 06 Aug 10:59:03 PM,El Monte
"Diamond Car Mount Phone Holder For Smartphone in your car, $15 for 2",$10,Fri 06 Aug 10:59:00 PM,El Monte
Bell Hitchbiker 450 4-Bike Car Hitch Rack,$90,Fri 06 Aug 10:53:49 PM,Los Angeles
Holm Airport Car Seat Stroller Travel Cart Child Transporter - Carseat,$70,Fri 06 Aug 10:54:05 PM,Los Angeles
Chrome car body moulding MADE IN USA,$0,Fri 06 Aug 10:51:43 PM,None
Trains Locamotive-Trolley-Cable Car Evelyn Curro in Borghese,$10,Fri 06 Aug 10:46:55 PM,Simi Valley
Brand New Britax B-safe Car Seat,$165,Fri 06 Aug 10:20:14 PM,Hermosa Beach
Vintage car sweater- L,$25,Fri 06 Aug 10:06:06 PM,None
CAR LIGHTING PACK,$30,Fri 06 Aug 09:55:37 PM,Glendora
CAR LIGHTING PACK,$30,Fri 06 Aug 09:55:23 PM,Glendora
Toys 1920-30s Cast Iron Still Bank  Bumper Car Soap Box Racer 20-30's,$35,Fri 06 Aug 09:32:01 PM,Simi Valley
Paying Cash for High End Car Radio Equipment,$0,Fri 06 Aug 09:31:28 PM,None
Hot Wheels 100 Car Carrying Case,$12,Fri 06 Aug 09:27:58 PM,Burbank
CLASSIC CAR GLASS WINDSHIELDS,$100,Fri 06 Aug 09:29:25 PM,ALL OVER
"2006 Nissan Sentra ser one owner car 40,000 miles","$7,900",Fri 06 Aug 09:20:12 PM,None
"2006 Nissan Sentra SE R one owner car 40,000 miles","$7,900",Fri 06 Aug 09:15:52 PM,None
Yukon/Tahoe Car Accessories,$75,Fri 06 Aug 09:07:15 PM,Winnetka
12 volt car battery,$40,Fri 06 Aug 09:06:51 PM,PARAMOUNT
12 volt car battery,$40,Fri 06 Aug 09:06:30 PM,PARAMOUNT
12 volt car battery,$40,Fri 06 Aug 09:07:07 PM,PARAMOUNT
12 volt car battery,$40,Fri 06 Aug 09:07:23 PM,PARAMOUNT
Jbc car amp,$75,Fri 06 Aug 08:55:31 PM,North hills
RC Team Associated Nitro TC3 Touting Car 4WD,$300,Fri 06 Aug 08:55:21 PM,walnut park
1989-1990 MIATA V8 MONSTER CA CAR 302 5 SPEED RETRO 50S TRAC,"$10,500",Fri 06 Aug 08:52:05 PM,Ventura Beach
RC Team Associated Factory Team RC10R5 1/10th On Road Pan Car,$300,Fri 06 Aug 08:50:49 PM,Walnut Park
Indy Race Car Liquor Bottle Mario Andretti,$10,Fri 06 Aug 08:34:27 PM,San Pedro
Cadillac Car posters,$50,Fri 06 Aug 08:30:44 PM,Long Beach
Honda Element car cover,$50,Fri 06 Aug 08:08:53 PM,El Monte
wanted funeral flower car,$100,Fri 06 Aug 08:06:46 PM,allover
vintage walnut  Wood Bar car,$750,Fri 06 Aug 08:04:56 PM,Los Angeles
1998 BMW 750 IL vehicle and 2001 BMW 750 IL car parts,"$4,900",Fri 06 Aug 08:05:36 PM,None
2004 Honda S2000 race car,$0,Fri 06 Aug 08:00:54 PM,None
Doona Car Seat Stroller & Base,$500,Fri 06 Aug 07:51:36 PM,Los Angeles
"VTech Go! Go! Smart wheels tire shop, car wash & extra tracks. No cars",$25,Fri 06 Aug 07:49:06 PM,Torrance
"Race Sport 22"" 120 Watt LED light Bar Car Sport Lighting NEW",$40,Fri 06 Aug 07:43:33 PM,South pasadena
New Sharper Image Ionic Breeze Car Automobile Plug-in Ionizer,$10,Fri 06 Aug 07:36:11 PM,North Hollywood
1959 Ford parts car Wanted  $$$$$ will tow,$500,Fri 06 Aug 07:33:19 PM,n.hollywood
1960 Cadillac 1959 parts car WANTED running or not WILL TOW,"$5,000",Fri 06 Aug 07:32:36 PM,losangeles
old car classic xx hot rod XXXXX custom project WANTED $$$,$0,Fri 06 Aug 07:31:01 PM,so.cal.
1957 Ford parts car WANTED good or bad any condition $$$$$,$500,Fri 06 Aug 07:31:29 PM,n.hollywood
1958 Ford parts car Wanted  $$$$$ will tow,$500,Fri 06 Aug 07:32:13 PM,n.hollywood
1955 FORD CAR WANTED XXXXX 1956 in any condition $$$$$  cash waiting,"$1,000",Fri 06 Aug 07:31:50 PM,so. california
1959 Cadillac WANTED parts car parts will tow 1960 deVille Eldorado 59,"$5,000",Fri 06 Aug 07:32:28 PM,so.californa
old car classic xx hot rod XXXXX custom project WANTED $$$,$0,Fri 06 Aug 07:31:36 PM,so.cal.
1956 Ford car WANTED,$0,Fri 06 Aug 07:31:06 PM,N.Hollywood
Graco Car Seat For Sale,$20,Fri 06 Aug 07:30:50 PM,626
Car Fridge Cooler Warmer,$55,Fri 06 Aug 07:22:48 PM,South Gate
Car windshield sun reflector,None,Fri 06 Aug 07:23:39 PM,Los Angeles
Nissan Pathfinder SUV car for sale,"$8,500",Fri 06 Aug 07:16:47 PM,Gardena
plasti dip your car----plasti dip your car---plasti dip your car,$0,Fri 06 Aug 07:11:21 PM,"Los Angeles,ca"
SPEEDWAY SPRINT CAR QUICK CHANGE REAR END FORD CHEVY MOPAR RATROD,$300,Fri 06 Aug 06:54:08 PM,WHITTIER
power acustik 10.6 inch touchscreen display car stereo pd 1060hb,$100,Fri 06 Aug 06:53:16 PM,Woodland Hills
Car Holder Magnetic Phone Mount Cell Stand Universal Air Vent Iphone,$15,Fri 06 Aug 06:50:43 PM,Burbank
Cellet car charger for android phones/ and older LG phones (NEW!),$9,Fri 06 Aug 06:51:46 PM,Woodland hills
Graco Snug ride Baby car seat/carry and 2 seat docks,$59,Fri 06 Aug 06:48:59 PM,WOODLAND HILLS
KENWOOD EXELON APPLE CAR PLAY ANDROID AUTO DMX706S,$240,Fri 06 Aug 06:42:08 PM,El Monte
Car Automotive Ramps One Pair 6500 lbs,$50,Fri 06 Aug 06:36:22 PM,lakewood
Wagner Sylvania Halogen Car Truck Headlights,$15,Fri 06 Aug 06:30:43 PM,Hollywood
Classic American Car,$0,Fri 06 Aug 06:31:17 PM,La
FORD MUSTANG CLASSIC CAR 1964-73,$0,Fri 06 Aug 06:30:22 PM,La
"kids, baby, car seat, Graco, with base, in good condition",$40,Fri 06 Aug 06:24:31 PM,Los Angeles
"baby kids car seat, sleeper, walker, toys, playpen, and more, ranges from $10 to",$10,Fri 06 Aug 06:24:32 PM,Los Angeles
UPPAbaby Chicco Infant Car Seat Adapter,$30,Fri 06 Aug 06:20:57 PM,Whittier
Pet fence for car,$40,Fri 06 Aug 06:16:10 PM,Burbank
Hot Wheels Wonder Woman vs Ares Exclusive 2-Pack DC Comics Car Toy NEW,$12,Fri 06 Aug 06:15:05 PM,Torrance
Car Charger - 5.5mm Coaxial,$1,Fri 06 Aug 06:10:28 PM,Torrance
Pedal Car,$100,Fri 06 Aug 06:03:51 PM,West Covina
Car Auction Saturday @3pm(warranty on cars)free entry/all bids start @,$500,Fri 06 Aug 06:04:50 PM,This weekend auction -9413 Bellegrave Ave. Riverside
Used Car Deals & Discounts,$500,Fri 06 Aug 06:01:04 PM,None
Car sun shield,$35,Fri 06 Aug 05:55:08 PM,Gardena
âž¤ 'Black & White'  WOVEN BLANKET THROW,$20,Fri 06 Aug 05:44:43 PM,"LARGE *size: 64"" x 48"""
'Black & White' ðŸ–¤ WOVEN BLANKET THROW,$20,Fri 06 Aug 05:41:50 PM,"LARGE *size: 64"" x 48"""
1968 mazda porter  mini isetta jdm micro car,"$20,000",Fri 06 Aug 05:38:42 PM,Gardena
Bachmann N Scale North Western Freight Car Train,$10,Fri 06 Aug 05:33:00 PM,Encino
Foldable carport canopy car garage shed shelter,$300,Fri 06 Aug 05:19:23 PM,City of Industry
1500 lb Hydraulic Wheel Dolly | Jack Portable Tire Lift Car Move Posit,$100,Fri 06 Aug 05:18:48 PM,City of Industry
Cute Bear Soft Plush Bone Pillow for Car Seats Â» New,$5,Fri 06 Aug 05:17:36 PM,Diamond Bar
Hallmark Kiddie Car Classic collectorâ€™s pin set,$20,Fri 06 Aug 05:14:46 PM,Burbank
Used Car Dealer in Las Vegas,"$28,000",Fri 06 Aug 05:06:57 PM,Las Vegas
Hemming classic car magazines,$80,Fri 06 Aug 04:59:02 PM,Covina
Luxury Transportation at Affordable Rates / Limo town car / LAX,None,Fri 06 Aug 04:55:36 PM,SoCal
Car dollies  doly,$40,Fri 06 Aug 04:50:36 PM,Atlantic and 19
beaded car massage/airflow seat cover,$50,Fri 06 Aug 04:46:12 PM,Venice
Baby-Safe Car Mirror,$5,Fri 06 Aug 04:43:35 PM,Boyle Heights
1955-57 Tbird parts  Also Ford Passenger car,$45,Fri 06 Aug 04:41:12 PM,Garden Grove
little tikes car,$40,Fri 06 Aug 04:37:57 PM,Sun Valley
little tikes car,$30,Fri 06 Aug 04:38:31 PM,Sun Valley
step 2 push car,$40,Fri 06 Aug 04:38:55 PM,Sun Valley
"Pierce Arrow Wire wheel Unique 18"" classic car",$88,Fri 06 Aug 04:39:15 PM,Garden Grove
HD vehicle 1080 car camcorder (Dash Cam) new never used,$25,Fri 06 Aug 04:37:12 PM,LONG BEACH
300W Car Power Inverter DC 12V to 110V AC Converter with LED Intellige,$70,Fri 06 Aug 04:29:50 PM,koreatown
Car charger for smartphones,$3,Fri 06 Aug 04:29:46 PM,Duarte ca
RARE & ORIGINAL1960's SCTA CAR CLUB PLAQUE,$159,Sat 07 Aug 07:13:20 AM,"HEMET, CALIF."
Car battery,$55,Sat 07 Aug 07:06:20 AM,Central la
Car trailer,"$2,800",Sat 07 Aug 06:57:41 AM,Van Nuys
Rare/Error AFX Magnatraction slot car,$0,Sat 07 Aug 06:35:13 AM,None
"Old , Car Calendarâ€™s",$10,Sat 07 Aug 06:22:52 AM,Sun Valley
12 volt car battery,$40,Sat 07 Aug 05:49:29 AM,PARAMOUNT
12 volt car battery,$40,Sat 07 Aug 05:48:55 AM,PARAMOUNT
Car seats and strollers,$65,Sat 07 Aug 04:02:56 AM,SFV
Affordable SportRack for your car,$240,Sat 07 Aug 03:57:06 AM,WestHills
Affordable SportRack for your car,$240,Sat 07 Aug 03:56:58 AM,WestHills
Affordable SportRack for your car,$240,Sat 07 Aug 03:52:47 AM,WestHills
PORSCHE RACE CAR. ATL . DRY BRAKE QUICK FUEL SYSTEM.,$450,Sat 07 Aug 03:39:21 AM,Simi Valley
(39) Builder Plate St. Louis Car Company,$75,Sat 07 Aug 02:27:44 AM,None
(49) in car dvd player (DUAL XDVD270),$75,Sat 07 Aug 02:26:07 AM,None
Car DVD Dolby Digital Player & TV Screen,$40,Sat 07 Aug 01:27:14 AM,Van Nuys
2001 Lincoln Town Car Cartier,"$5,999",Sat 07 Aug 01:28:42 AM,Los Angeles
Zoob Racerz Car Design Kit NEW,$15,Sat 07 Aug 01:24:57 AM,Los Angeles
Have Title Jeep Liberty No Engine Part Out Must Take Whole Car SUV,$300,Sat 07 Aug 12:58:17 AM,None
"UPPAbaby Vista Stroller 2012 Blue/Cole, Graco Car Seat adapter",$250,Sat 07 Aug 12:54:16 AM,Monterey Park
Flag U. S. regular & car's window flag + t shirt with U. S. flag,$1,Sat 07 Aug 12:10:19 AM,Trazana
"Avail now: Car Parking Spot, In and Out",$100,Sat 07 Aug 12:10:03 AM,North Redondo Beach
1960s Revell Gran Turismo Slot Car Set in Box,$175,Sat 07 Aug 12:07:19 AM,Long Beach
Car seat rack,$100,Fri 06 Aug 11:35:43 PM,Van Nuys
Pair of Vintage 1980 California Car / Auto License Plates,$60,Fri 06 Aug 11:26:14 PM,Glendora
Popular toys small smart toy Cartoon sensing remote control car.,$8,Fri 06 Aug 11:03:29 PM,El Monte
Seeking to Take Over Car Payments,$599,Fri 06 Aug 10:58:07 PM,Burbank
Seeking to Take Over Car Payments,$599,Fri 06 Aug 10:57:51 PM,Burbank
"Diamond Car Mount Phone Holder For Smartphone in your car, $15 for 2",$10,Fri 06 Aug 10:59:03 PM,El Monte
"Diamond Car Mount Phone Holder For Smartphone in your car, $15 for 2",$10,Fri 06 Aug 10:59:00 PM,El Monte
Bell Hitchbiker 450 4-Bike Car Hitch Rack,$90,Fri 06 Aug 10:53:49 PM,Los Angeles
Holm Airport Car Seat Stroller Travel Cart Child Transporter - Carseat,$70,Fri 06 Aug 10:54:05 PM,Los Angeles
Chrome car body moulding MADE IN USA,$0,Fri 06 Aug 10:51:43 PM,None
Trains Locamotive-Trolley-Cable Car Evelyn Curro in Borghese,$10,Fri 06 Aug 10:46:55 PM,Simi Valley
Brand New Britax B-safe Car Seat,$165,Fri 06 Aug 10:20:14 PM,Hermosa Beach
Vintage car sweater- L,$25,Fri 06 Aug 10:06:06 PM,None
CAR LIGHTING PACK,$30,Fri 06 Aug 09:55:37 PM,Glendora
CAR LIGHTING PACK,$30,Fri 06 Aug 09:55:23 PM,Glendora
Toys 1920-30s Cast Iron Still Bank  Bumper Car Soap Box Racer 20-30's,$35,Fri 06 Aug 09:32:01 PM,Simi Valley
Paying Cash for High End Car Radio Equipment,$0,Fri 06 Aug 09:31:28 PM,None
Hot Wheels 100 Car Carrying Case,$12,Fri 06 Aug 09:27:58 PM,Burbank
CLASSIC CAR GLASS WINDSHIELDS,$100,Fri 06 Aug 09:29:25 PM,ALL OVER
"2006 Nissan Sentra ser one owner car 40,000 miles","$7,900",Fri 06 Aug 09:20:12 PM,None
"2006 Nissan Sentra SE R one owner car 40,000 miles","$7,900",Fri 06 Aug 09:15:52 PM,None
Yukon/Tahoe Car Accessories,$75,Fri 06 Aug 09:07:15 PM,Winnetka
12 volt car battery,$40,Fri 06 Aug 09:06:51 PM,PARAMOUNT
12 volt car battery,$40,Fri 06 Aug 09:06:30 PM,PARAMOUNT
12 volt car battery,$40,Fri 06 Aug 09:07:07 PM,PARAMOUNT
12 volt car battery,$40,Fri 06 Aug 09:07:23 PM,PARAMOUNT
Jbc car amp,$75,Fri 06 Aug 08:55:31 PM,North hills
RC Team Associated Nitro TC3 Touting Car 4WD,$300,Fri 06 Aug 08:55:21 PM,walnut park
1989-1990 MIATA V8 MONSTER CA CAR 302 5 SPEED RETRO 50S TRAC,"$10,500",Fri 06 Aug 08:52:05 PM,Ventura Beach
RC Team Associated Factory Team RC10R5 1/10th On Road Pan Car,$300,Fri 06 Aug 08:50:49 PM,Walnut Park
Indy Race Car Liquor Bottle Mario Andretti,$10,Fri 06 Aug 08:34:27 PM,San Pedro
Cadillac Car posters,$50,Fri 06 Aug 08:30:44 PM,Long Beach
Honda Element car cover,$50,Fri 06 Aug 08:08:53 PM,El Monte
wanted funeral flower car,$100,Fri 06 Aug 08:06:46 PM,allover
vintage walnut  Wood Bar car,$750,Fri 06 Aug 08:04:56 PM,Los Angeles
1998 BMW 750 IL vehicle and 2001 BMW 750 IL car parts,"$4,900",Fri 06 Aug 08:05:36 PM,None
2004 Honda S2000 race car,$0,Fri 06 Aug 08:00:54 PM,None
Doona Car Seat Stroller & Base,$500,Fri 06 Aug 07:51:36 PM,Los Angeles
"VTech Go! Go! Smart wheels tire shop, car wash & extra tracks. No cars",$25,Fri 06 Aug 07:49:06 PM,Torrance
"Race Sport 22"" 120 Watt LED light Bar Car Sport Lighting NEW",$40,Fri 06 Aug 07:43:33 PM,South pasadena
New Sharper Image Ionic Breeze Car Automobile Plug-in Ionizer,$10,Fri 06 Aug 07:36:11 PM,North Hollywood
1959 Ford parts car Wanted  $$$$$ will tow,$500,Fri 06 Aug 07:33:19 PM,n.hollywood
1960 Cadillac 1959 parts car WANTED running or not WILL TOW,"$5,000",Fri 06 Aug 07:32:36 PM,losangeles
old car classic xx hot rod XXXXX custom project WANTED $$$,$0,Fri 06 Aug 07:31:01 PM,so.cal.
1957 Ford parts car WANTED good or bad any condition $$$$$,$500,Fri 06 Aug 07:31:29 PM,n.hollywood
1958 Ford parts car Wanted  $$$$$ will tow,$500,Fri 06 Aug 07:32:13 PM,n.hollywood
1955 FORD CAR WANTED XXXXX 1956 in any condition $$$$$  cash waiting,"$1,000",Fri 06 Aug 07:31:50 PM,so. california
1959 Cadillac WANTED parts car parts will tow 1960 deVille Eldorado 59,"$5,000",Fri 06 Aug 07:32:28 PM,so.californa
old car classic xx hot rod XXXXX custom project WANTED $$$,$0,Fri 06 Aug 07:31:36 PM,so.cal.
1956 Ford car WANTED,$0,Fri 06 Aug 07:31:06 PM,N.Hollywood
Graco Car Seat For Sale,$20,Fri 06 Aug 07:30:50 PM,626
Car Fridge Cooler Warmer,$55,Fri 06 Aug 07:22:48 PM,South Gate
Car windshield sun reflector,None,Fri 06 Aug 07:23:39 PM,Los Angeles
Nissan Pathfinder SUV car for sale,"$8,500",Fri 06 Aug 07:16:47 PM,Gardena
plasti dip your car----plasti dip your car---plasti dip your car,$0,Fri 06 Aug 07:11:21 PM,"Los Angeles,ca"
SPEEDWAY SPRINT CAR QUICK CHANGE REAR END FORD CHEVY MOPAR RATROD,$300,Fri 06 Aug 06:54:08 PM,WHITTIER
power acustik 10.6 inch touchscreen display car stereo pd 1060hb,$100,Fri 06 Aug 06:53:16 PM,Woodland Hills
Car Holder Magnetic Phone Mount Cell Stand Universal Air Vent Iphone,$15,Fri 06 Aug 06:50:43 PM,Burbank
Cellet car charger for android phones/ and older LG phones (NEW!),$9,Fri 06 Aug 06:51:46 PM,Woodland hills
Graco Snug ride Baby car seat/carry and 2 seat docks,$59,Fri 06 Aug 06:48:59 PM,WOODLAND HILLS
KENWOOD EXELON APPLE CAR PLAY ANDROID AUTO DMX706S,$240,Fri 06 Aug 06:42:08 PM,El Monte
Car Automotive Ramps One Pair 6500 lbs,$50,Fri 06 Aug 06:36:22 PM,lakewood
Wagner Sylvania Halogen Car Truck Headlights,$15,Fri 06 Aug 06:30:43 PM,Hollywood
Classic American Car,$0,Fri 06 Aug 06:31:17 PM,La
FORD MUSTANG CLASSIC CAR 1964-73,$0,Fri 06 Aug 06:30:22 PM,La
"kids, baby, car seat, Graco, with base, in good condition",$40,Fri 06 Aug 06:24:31 PM,Los Angeles
"baby kids car seat, sleeper, walker, toys, playpen, and more, ranges from $10 to",$10,Fri 06 Aug 06:24:32 PM,Los Angeles
UPPAbaby Chicco Infant Car Seat Adapter,$30,Fri 06 Aug 06:20:57 PM,Whittier
Pet fence for car,$40,Fri 06 Aug 06:16:10 PM,Burbank
Hot Wheels Wonder Woman vs Ares Exclusive 2-Pack DC Comics Car Toy NEW,$12,Fri 06 Aug 06:15:05 PM,Torrance
Car Charger - 5.5mm Coaxial,$1,Fri 06 Aug 06:10:28 PM,Torrance
Pedal Car,$100,Fri 06 Aug 06:03:51 PM,West Covina
Car Auction Saturday @3pm(warranty on cars)free entry/all bids start @,$500,Fri 06 Aug 06:04:50 PM,This weekend auction -9413 Bellegrave Ave. Riverside
Used Car Deals & Discounts,$500,Fri 06 Aug 06:01:04 PM,None
Car sun shield,$35,Fri 06 Aug 05:55:08 PM,Gardena
âž¤ 'Black & White'  WOVEN BLANKET THROW,$20,Fri 06 Aug 05:44:43 PM,"LARGE *size: 64"" x 48"""
'Black & White' ðŸ–¤ WOVEN BLANKET THROW,$20,Fri 06 Aug 05:41:50 PM,"LARGE *size: 64"" x 48"""
1968 mazda porter  mini isetta jdm micro car,"$20,000",Fri 06 Aug 05:38:42 PM,Gardena
Bachmann N Scale North Western Freight Car Train,$10,Fri 06 Aug 05:33:00 PM,Encino
Foldable carport canopy car garage shed shelter,$300,Fri 06 Aug 05:19:23 PM,City of Industry
1500 lb Hydraulic Wheel Dolly | Jack Portable Tire Lift Car Move Posit,$100,Fri 06 Aug 05:18:48 PM,City of Industry
Cute Bear Soft Plush Bone Pillow for Car Seats Â» New,$5,Fri 06 Aug 05:17:36 PM,Diamond Bar
Hallmark Kiddie Car Classic collectorâ€™s pin set,$20,Fri 06 Aug 05:14:46 PM,Burbank
Used Car Dealer in Las Vegas,"$28,000",Fri 06 Aug 05:06:57 PM,Las Vegas
Hemming classic car magazines,$80,Fri 06 Aug 04:59:02 PM,Covina
Luxury Transportation at Affordable Rates / Limo town car / LAX,None,Fri 06 Aug 04:55:36 PM,SoCal
Car dollies  doly,$40,Fri 06 Aug 04:50:36 PM,Atlantic and 19
beaded car massage/airflow seat cover,$50,Fri 06 Aug 04:46:12 PM,Venice
Baby-Safe Car Mirror,$5,Fri 06 Aug 04:43:35 PM,Boyle Heights
1955-57 Tbird parts  Also Ford Passenger car,$45,Fri 06 Aug 04:41:12 PM,Garden Grove
little tikes car,$40,Fri 06 Aug 04:37:57 PM,Sun Valley
little tikes car,$30,Fri 06 Aug 04:38:31 PM,Sun Valley
step 2 push car,$40,Fri 06 Aug 04:38:55 PM,Sun Valley
"Pierce Arrow Wire wheel Unique 18"" classic car",$88,Fri 06 Aug 04:39:15 PM,Garden Grove
HD vehicle 1080 car camcorder (Dash Cam) new never used,$25,Fri 06 Aug 04:37:12 PM,LONG BEACH
300W Car Power Inverter DC 12V to 110V AC Converter with LED Intellige,$70,Fri 06 Aug 04:29:50 PM,koreatown
Car charger for smartphones,$3,Fri 06 Aug 04:29:46 PM,Duarte ca
small WOODEN CAR,$10,Fri 06 Aug 04:28:26 PM,studio city
